Título del Núcleo Temático,Nivel de Profundidad,ID_Contenido,ID_Concepto,NivelDificultad,TipoContenido,TextoContenido,Ejemplos Prácticos
Definición y Fundamentos del Flipped Classroom,Básico,FC_DEFINICION_B_T,FC_DEFINICION,Básico,Texto,"El Flipped Classroom, también conocido como Aula Invertida, es una metodología pedagógica innovadora que replantea la estructura tradicional del proceso de enseñanza-aprendizaje. En su esencia, invierte el modelo habitual: lo que tradicionalmente se hacía en clase (la exposición de nuevos contenidos por parte del docente) se realiza ahora fuera del aula, y lo que se solía hacer como tarea en casa (ejercicios, aplicación) se lleva a cabo dentro del aula. Este implica que los estudiantes acceden a los materiales teóricos (videos, lecturas, podcasts, etc.) antes de la sesión presencial. Este estudio previo les permite familiarizarse con los conceptos fundamentales a su propio ritmo. Una vez en el aula, el tiempo se maximiza para actividades interactivas, resolución de dudas, debates, proyectos y aplicación práctica del conocimiento bajo la guía del profesor. El objetivo primordial es transformar el espacio de clase en un entorno dinámico y participativo, donde el aprendizaje se vuelve más activo y centrado en el estudiante.","* Ejemplo 1 (Matemáticas): Un profesor de álgebra para nivel de maestría graba una serie de videos cortos explicando conceptos clave sobre ecuaciones diferenciales o cálculo vectorial. Los estudiantes ven estos videos en casa antes de la clase. En la sesión presencial, el profesor no repite la exposición, sino que guía a los estudiantes en la resolución de problemas complejos aplicando estas ecuaciones a escenarios de ingeniería o economía. &lt;br> * Ejemplo 2 (Literatura): Antes de la clase, los estudiantes de un curso de literatura moderna en maestría leen una novela compleja y un análisis crítico sobre ella. En el aula, en lugar de una clase magistral sobre el autor o la obra, se fomenta un debate estructurado donde los estudiantes discuten interpretaciones, temas subyacentes y el contexto socio-histórico de la novela, defendiendo sus puntos de vista basados en la lectura previa."
Definición y Fundamentos del Flipped Classroom,Intermedio,FC_DEFINICION_I_T,FC_DEFINICION,Intermedio,Texto,"Profundizando en los fundamentos del Flipped Classroom, esta metodología no es simplemente un cambio de lugar para las actividades, sino un replanteamiento didáctico que busca optimizar los niveles cognitivos del aprendizaje. Se alinea fuertemente con los principios de la taxonomía de Bloom, donde las tareas de orden inferior (recordar, comprender) se transfieren al ámbito del autoestudio asincrónico, liberando el valioso tiempo en el aula para actividades de orden superior (aplicar, analizar, evaluar y crear). Esta inversión estratégica permite que el docente pase de ser un mero transmisor de información a un facilitador, diseñador de experiencias de aprendizaje y guía en la aplicación práctica del conocimiento. La efectividad del Flipped Classroom en este nivel intermedio radica en el diseño intencional de los materiales pre-clase (que deben ser claros, concisos y auto-contenidos) y de las actividades en el aula, las cuales deben ser interactivas, colaborativas y orientadas a la resolución de problemas o el debate significativo. La preparación previa del estudiante es crucial; se espera que lleguen a clase no solo con el contenido revisado, sino con preguntas y una base para la discusión.","* Ejemplo 1 (Economía): En un curso de Maestría en Finanzas Cuantitativas, los estudiantes revisan videos y lecturas sobre los modelos econométricos para la predicción de mercados antes de la clase. En el aula, el profesor les presenta un conjunto de datos financieros reales y les pide que, en grupos, apliquen los modelos estudiados para predecir tendencias, debatir las limitaciones de cada modelo y justificar sus elecciones, recibiendo retroalimentación directa del profesor y de sus pares. &lt;br> * Ejemplo 2 (Ingeniería de Software): Para una maestría en Ingeniería de Software, los estudiantes estudian de forma asíncrona los principios de diseño de bases de datos relacionales y no relacionales. La sesión presencial no es una lección sobre estos conceptos, sino un taller práctico donde los estudiantes, en equipos, deben diseñar e implementar una base de datos para un proyecto simulado de una empresa, enfrentándose a desafíos de optimización y escalabilidad, y presentando sus soluciones para una crítica constructiva."
Definición y Fundamentos del Flipped Classroom,Avanzado,FC_DEFINICION_A_T,FC_DEFINICION,Avanzado,Texto,"A nivel de maestría, la implementación del Flipped Classroom trasciende la mera logística o la aplicación superficial de la taxonomía de Bloom. Se convierte en una estrategia pedagógica sofisticada que busca cultivar la autonomía, el pensamiento crítico de alto nivel y la capacidad de síntesis en los estudiantes de posgrado. Aquí, el Flipped Classroom se integra en un diseño curricular más amplio, orientado a la investigación, la resolución de problemas no estructurados y la generación de nuevo conocimiento. Los materiales asincrónicos pueden incluir no solo videos o lecturas, sino también casos de estudio complejos que requieren análisis multifactorial, simulaciones interactivas de escenarios profesionales, o la revisión crítica de literatura académica avanzada. El tiempo en el aula se destina a discusiones profundas que fomenten el análisis crítico, la co-construcción de conocimiento a través de debates estructurados, la resolución de problemas de investigación, la mentoría en proyectos individuales o grupales y la evaluación formativa y sumativa que desafía las habilidades de pensamiento de orden superior. La eficacia de esta metodología a nivel avanzado reside en la habilidad del docente para curar y diseñar experiencias de aprendizaje que emulen los desafíos del ámbito profesional o académico en el que se desempeñarán los estudiantes.","* Ejemplo 1 (Salud Pública): En un programa de Maestría en Salud Pública, los estudiantes analizan de forma individual y detallada informes epidemiológicos y estudios de casos sobre brotes de enfermedades infecciosas a nivel global. En la sesión presencial, no se revisa la información de los informes, sino que se plantean debates sobre las estrategias de intervención más efectivas, se discuten las implicaciones éticas de ciertas políticas de salud y se desarrollan propuestas innovadoras para la gestión de crisis sanitarias futuras, aplicando marcos teóricos avanzados de salud global. &lt;br> * Ejemplo 2 (Arquitectura Sostenible): Para una Maestría en Arquitectura Sostenible, los estudiantes exploran de manera independiente estándares de certificación energética, materiales innovadores y estudios de impacto ambiental de edificaciones a través de bases de datos especializadas y artículos científicos. En el aula, el desafío es diseñar un proyecto arquitectónico complejo (por ejemplo, un edificio de uso mixto en un entorno urbano denso) que cumpla con estrictos criterios de sostenibilidad, utilizando software de simulación energética y presentando sus diseños y justificaciones técnicas ante un panel de ""expertos"" (el profesor y compañeros), quienes ofrecen retroalimentación crítica y plantean objeciones para que los estudiantes defiendan sus soluciones."
Roles de Estudiantes y Docentes en el Flipped Classroom,Básico,FC_ROLES_B_T,FC_ROLES,Básico,Texto,"En el modelo de Flipped Classroom, los roles tradicionales de docentes y estudiantes se transforman significativamente. El estudiante adopta un rol más activo y autónomo. Su responsabilidad principal es realizar el trabajo previo a la clase, lo que implica acceder y asimilar el contenido teórico (videos, lecturas) de forma individual, a su propio ritmo. Este paso es fundamental para que el tiempo en el aula pueda ser aprovechado al máximo. Por otro lado, el rol del docente evoluciona de ser el principal expositor de información a convertirse en un facilitador, guía y mentor. Durante las sesiones presenciales, el profesor se enfoca en resolver dudas, proporcionar apoyo individualizado, fomentar la discusión, supervisar las actividades prácticas y asegurar que los estudiantes apliquen y profundicen su comprensión del material. La interacción se vuelve más dinámica y personalizada.","* Ejemplo 1 (Programación): Los estudiantes de una maestría en ciencia de datos ven un video donde se explica la sintaxis básica de un nuevo lenguaje de programación (ej. Python) y cómo instalar el entorno de desarrollo. En clase, el profesor no repite la sintaxis, sino que ayuda a los estudiantes a depurar sus primeros códigos y resuelve errores comunes mientras practican. &lt;br> * Ejemplo 2 (Gestión de Proyectos): El docente asigna la lectura de un capítulo sobre la fase de iniciación de proyectos del PMBOK (Project Management Body of Knowledge) antes de la clase. Durante la sesión, los estudiantes trabajan en grupos para elaborar un acta de constitución de proyecto para un caso simulado, y el profesor circula entre los grupos ofreciendo orientación específica."
Roles de Estudiantes y Docentes en el Flipped Classroom,Intermedio,FC_ROLES_I_T,FC_ROLES,Intermedio,Texto,"En un nivel intermedio, la evolución de los roles en el Flipped Classroom exige el desarrollo de competencias específicas tanto en estudiantes como en docentes. Para los estudiantes, el rol activo implica desarrollar habilidades de autorregulación del aprendizaje, como la gestión efectiva del tiempo, la toma de notas productiva, la identificación de sus propias dificultades y la búsqueda activa de clarificación. Deben ser capaces de llegar a clase con una comprensión conceptual básica y preguntas formuladas. Para el docente, este rol transformado requiere dominar el diseño instruccional de actividades centradas en el estudiante, que promuevan la colaboración y el pensamiento crítico. El profesor debe ser hábil en la gestión del aula para facilitar el trabajo en equipo, la discusión y la resolución de problemas, así como en la provisión de retroalimentación formativa y diferenciada. Se espera que el docente no solo guíe, sino que también estimule la metacognición en los estudiantes, ayudándoles a reflexionar sobre su propio proceso de aprendizaje. Este enfoque promueve una relación más interactiva y de mentoría entre docente y estudiante.","* Ejemplo 1 (Marketing Digital): Los estudiantes de una maestría en marketing digital revisan tutoriales avanzados sobre Google Analytics y Google Ads. En clase, el profesor organiza un caso de estudio donde los estudiantes deben analizar datos de una campaña de marketing real, identificar oportunidades de mejora y proponer optimizaciones, actuando el docente como consultor experto que desafía sus suposiciones y los guía hacia soluciones más sofisticadas. &lt;br> * Ejemplo 2 (Psicología Educativa): El docente de un curso de posgrado en Psicología Educativa proporciona lecturas y videos sobre diferentes teorías del aprendizaje constructivista. En el aula, los estudiantes, divididos en grupos, deben diseñar una actividad pedagógica para un escenario educativo específico (ej. un taller para desarrollar pensamiento crítico en secundaria) basada en una de las teorías estudiadas, y luego presentarla y justificarla ante sus compañeros, con el profesor facilitando la crítica constructiva y la profundización en los principios teóricos."
Roles de Estudiantes y Docentes en el Flipped Classroom,Avanzado,FC_ROLES_A_T,FC_ROLES,Avanzado,Texto,"En el contexto de la maestría, los roles en el Flipped Classroom alcanzan un nivel de sofisticación que prepara a los estudiantes para la investigación independiente, la innovación y el liderazgo profesional. El estudiante de posgrado asume el papel de un co-creador de conocimiento y un investigador autodirigido. Esto implica no solo asimilar información, sino también cuestionarla, sintetizarla de diversas fuentes, identificar lagunas en la literatura, y aplicar teorías complejas a problemas no triviales. Su preparación previa es profunda, a menudo involucra el análisis crítico de artículos de investigación, la formulación de hipótesis o el desarrollo de propuestas preliminares. El docente, en este nivel, se convierte en un mentor de investigación, un curador de recursos de vanguardia y un facilitador de la generación de ideas. Su función en el aula es guiar debates de alto nivel, supervisar la aplicación de metodologías complejas, ofrecer retroalimentación experta en la resolución de problemas auténticos y estimular la innovación. Se espera que el docente no solo responda preguntas, sino que formule desafíos que obliguen a los estudiantes a pensar más allá de lo establecido, a debatir ideas y a construir soluciones originales, preparándolos para contribuir al campo de estudio.","* Ejemplo 1 (Máster en Biotecnología): Los estudiantes, antes de la clase, revisan las últimas publicaciones científicas sobre técnicas de edición genética CRISPR y analizan los protocolos experimentales de un estudio específico. En el laboratorio o sesión presencial, el profesor no explica la técnica, sino que guía a los estudiantes en el diseño de un experimento CRISPR para una aplicación biofarmacéutica específica, discutiendo los controles experimentales, las posibles limitaciones éticas y las futuras líneas de investigación, actuando como un supervisor de laboratorio en un entorno de investigación. &lt;br> * Ejemplo 2 (Máster en Políticas Públicas): Los estudiantes analizan de forma asincrónica informes de políticas gubernamentales y estudios de impacto social sobre un problema público complejo (ej. la crisis de vivienda en grandes ciudades). En el aula, el profesor organiza un simulacro de reunión de gabinete o comité legislativo. Los estudiantes, asumiendo roles de diferentes partes interesadas (funcionarios, grupos de presión, ciudadanos), deben proponer, debatir y negociar soluciones a la crisis, defendiendo sus posturas con evidencia previamente investigada, mientras el profesor modera el debate y evalúa su capacidad de argumentación y negociación en un entorno de alta presión."
Integración Tecnológica en el Flipped Classroom,Básico,FC_TECNOLOGIA_B_T,FC_TECNOLOGIA,Básico,Texto,"La tecnología es un pilar fundamental del Flipped Classroom, ya que actúa como el medio principal para entregar el contenido previo a la clase. En su nivel más básico, la integración tecnológica se centra en herramientas sencillas y accesibles que permitan a los estudiantes consumir información de forma autónoma. Esto incluye principalmente: * Videos: Grabaciones del profesor explicando un tema, tutoriales animados o videos educativos existentes (ej. de YouTube, Khan Academy). * Documentos: Textos en formato PDF, presentaciones de diapositivas (PowerPoint, Google Slides) con narración de audio, o lecturas de artículos o capítulos de libros. * Plataformas de Gestión del Aprendizaje (LMS): Herramientas como Moodle, Canvas, Google Classroom o Blackboard son fundamentales para organizar y distribuir estos materiales de manera centralizada, así como para comunicar las expectativas de la tarea previa y, en algunos casos, realizar un seguimiento básico de la visualización o descarga de los materiales. La selección tecnológica en este nivel busca la facilidad de uso tanto para el docente como para el estudiante, priorizando la accesibilidad al contenido antes de la complejidad de las funcionalidades.","* Ejemplo 1 (Física de fluidos): Un docente de maestría graba videos cortos explicando los principios de la mecánica de fluidos y los publica en el aula virtual de la universidad (LMS). Los estudiantes deben verlos y tomar notas antes de la clase para comprender los conceptos teóricos básicos. &lt;br> * Ejemplo 2 (Investigación Cualitativa): Se suben a la plataforma del curso varios archivos PDF con lecturas fundamentales sobre los diferentes enfoques metodológicos en la investigación cualitativa (ej. etnografía, estudio de caso, teoría fundamentada). Los estudiantes deben leerlos para familiarizarse con las características de cada uno."
Integración Tecnológica en el Flipped Classroom,Intermedio,FC_TECNOLOGIA_I_T,FC_TECNOLOGIA,Intermedio,Texto,"En un nivel intermedio, la integración tecnológica en el Flipped Classroom va más allá de la mera distribución de contenidos estáticos. Se busca enriquecer la experiencia de aprendizaje asincrónico y facilitar una mayor interacción y comprobación de la comprensión previa. Esto implica el uso de herramientas que permitan: * Videos Interactivos: Plataformas como Edpuzzle o H5P que permiten incrustar preguntas de opción múltiple, abiertas o de reflexión directamente en los videos, asegurando que los estudiantes no solo vean el material, sino que también interactúen con él y comprueben su comprensión. * Foros de Discusión Asincrónicos: Utilización de las funcionalidades de los LMS o herramientas dedicadas (ej. Padlet, Flipgrid para videos cortos) donde los estudiantes pueden plantear dudas sobre el material previo, responder a preguntas planteadas por el docente o debatir brevemente un concepto antes de la clase. Esto ayuda al docente a identificar lagunas en la comprensión antes de la sesión presencial. * Herramientas de Colaboración en Línea: Aplicaciones como Google Docs, Microsoft 365 (Word Online, Excel Online) o Miro para que los estudiantes puedan empezar a colaborar en proyectos o preparar actividades grupales antes de la clase. * Simulaciones o Laboratorios Virtuales: En algunas disciplinas, el uso de software de simulación o laboratorios virtuales puede permitir a los estudiantes explorar conceptos y procesos de manera práctica antes de la clase presencial. La selección de estas herramientas se hace con el propósito de aumentar el engagement del estudiante con el material previo y proporcionar al docente información sobre su preparación.","* Ejemplo 1 (Bioestadística): Antes de la clase, los estudiantes de maestría acceden a un video explicativo sobre el análisis de regresión lineal, el cual incluye preguntas interactivas incrustadas que deben responder. Sus respuestas permiten al profesor ver qué conceptos causaron más dificultad antes de la sesión en el aula. &lt;br> * Ejemplo 2 (Dirección Estratégica): Los estudiantes leen un caso de estudio complejo sobre una empresa en crisis y acceden a un foro de discusión en el LMS donde deben publicar sus hipótesis iniciales sobre las causas de la crisis y posibles soluciones. Esto genera un debate preliminar que el profesor puede capitalizar en la clase presencial. &lt;br> * Ejemplo 3 (Diseño Gráfico): Los estudiantes utilizan un software de diseño virtual para practicar con los principios de composición y teoría del color. Antes de la clase, cargan sus ejercicios preliminares a una plataforma, y durante la sesión presencial, se revisan y discuten en grupo."
Integración Tecnológica en el Flipped Classroom,Avanzado,FC_TECNOLOGIA_A_T,FC_TECNOLOGIA,Avanzado,Texto,"En el nivel de maestría, la integración tecnológica en el Flipped Classroom busca crear entornos de aprendizaje altamente sofisticados y personalizados, que no solo faciliten la adquisición de conocimientos, sino que también promuevan la investigación, el análisis crítico de datos, la simulación de escenarios complejos y la co-creación de conocimiento. La tecnología se convierte en una extensión del proceso de pensamiento del estudiante. Esto incluye: * Plataformas de Aprendizaje Adaptativo: Sistemas que personalizan la trayectoria de aprendizaje del estudiante, ofreciendo contenidos y evaluaciones diferenciadas basadas en su rendimiento y comprensión previa, optimizando el tiempo de estudio individual. * Herramientas de Análisis de Datos y Visualización: Software avanzado (ej. R, Python con librerías de data science, Tableau) que los estudiantes utilizan para procesar grandes volúmenes de datos como parte de su preparación, y cuyas herramientas de visualización se emplean para presentar sus hallazgos en el aula. * Entornos de Simulación Avanzados: Simuladores profesionales que replican situaciones del mundo real (ej. simuladores de cirugía, gestión de crisis, diseño de plantas industriales) donde los estudiantes practican habilidades y toman decisiones complejas antes de debatir sus resultados en clase. * Plataformas de Co-creación y Edición Colaborativa: Herramientas que permiten la creación conjunta de documentos, wikis, bases de datos de conocimiento o incluso código, facilitando proyectos de investigación o desarrollo en equipo. * Sistemas de Retroalimentación Automatizada y Basada en IA: Herramientas que ofrecen retroalimentación instantánea y detallada sobre ejercicios complejos o ensayos, liberando al docente para enfocar su tiempo en la retroalimentación cualitativa y el desarrollo de habilidades de pensamiento de orden superior. La clave en este nivel es la interoperabilidad de las herramientas, la seguridad de los datos, y la capacidad de la tecnología para soportar metodologías de investigación y aplicación avanzada.","* Ejemplo 1 (Análisis de Datos Cuantitativos): Antes de la clase, los estudiantes de una maestría en Sociología utilizan un software estadístico (ej. SPSS, R) para realizar un análisis exploratorio de un conjunto de datos complejos (ej. encuestas nacionales sobre desigualdad). En el aula, no se repasan los comandos del software, sino que se discuten los patrones encontrados en los datos, se interpretan los resultados y se debaten las implicaciones teóricas y políticas de sus hallazgos. &lt;br> * Ejemplo 2 (Gestión Hospitalaria): Los estudiantes de una Maestría en Gestión Sanitaria utilizan un simulador de gestión hospitalaria donde deben tomar decisiones sobre asignación de recursos, personal y estrategias de atención al paciente ante diferentes escenarios (ej. un pico de admisiones por pandemia). Antes de la clase, cada estudiante ejecuta el simulador y analiza los resultados de sus decisiones. En el aula, se comparan las estrategias adoptadas por los estudiantes, se analizan las consecuencias a largo plazo de sus decisiones y se discuten las mejores prácticas en gestión de crisis sanitarias. &lt;br> * Ejemplo 3 (Diseño de Videojuegos): Los estudiantes de una maestría en diseño de videojuegos trabajan en un entorno de desarrollo integrado (IDE) para programar módulos de juego específicos y experimentar con mecánicas de juego. En la clase presencial, no se enseña a programar, sino que se realizan sesiones de ""playtesting"" crítico de los prototipos, donde los estudiantes ofrecen y reciben retroalimentación detallada sobre la experiencia del usuario, la jugabilidad y la coherencia del diseño, y el profesor guía la discusión hacia la mejora iterativa."
Aplicación del Flipped Classroom en Diversas Asignaturas,Básico,FC_APLICACION_B_T,FC_APLICACION,Básico,Texto,"El Flipped Classroom es una metodología altamente adaptable que puede ser implementada en una amplia gama de asignaturas y disciplinas, desde las ciencias exactas hasta las humanidades y las artes. La clave para su aplicación exitosa radica en identificar claramente qué tipo de contenido es más adecuado para el estudio individual asincrónico y qué tipo de actividades se benefician más de la interacción directa en el aula. Generalmente, los contenidos teóricos, conceptuales o procedimentales que pueden ser asimilados mediante la lectura, la visualización de videos o la resolución de ejemplos guiados, son ideales para la fase pre-clase. El tiempo en el aula se reserva entonces para prácticas, resolución de problemas en equipo, discusiones o actividades que requieran la guía o el feedback inmediato del docente. Esta distinción permite que el modelo sea versátil y efectivo en diversos campos del conocimiento.","* Ejemplo 1 (Derecho Internacional): Los estudiantes de una maestría en Derecho ven videos explicando los principios fundamentales del derecho internacional humanitario y leen casos judiciales relevantes antes de la clase. En el aula, participan en un simulacro de juicio o debate sobre la aplicación de estos principios a un conflicto contemporáneo. &lt;br> * Ejemplo 2 (Estudios de Género): Antes de la clase, los estudiantes leen un artículo académico sobre la interseccionalidad y ven una entrevista con una teórica feminista. En la sesión presencial, discuten en pequeños grupos cómo aplicar el concepto de interseccionalidad a diferentes contextos sociales y políticos, y luego exponen sus conclusiones al resto de la clase."
Aplicación del Flipped Classroom en Diversas Asignaturas,Intermedio,FC_APLICACION_I_T,FC_APLICACION,Intermedio,Texto,"La versatilidad del Flipped Classroom permite su adaptación a la complejidad creciente de las asignaturas de maestría, optimizando el tiempo presencial para el desarrollo de habilidades de análisis, síntesis y aplicación. En ciencias exactas e ingenierías (ej. Matemáticas Aplicadas, Física Cuántica), los estudiantes pueden abordar de forma asincrónica la revisión de teorías, fórmulas complejas o demostraciones. El tiempo en el aula se dedica a la resolución de problemas desafiantes, la implementación de algoritmos en software especializado, o la discusión de aplicaciones ingenieriles avanzadas, permitiendo al docente guiar individualmente a los estudiantes a través de las dificultades. En ciencias sociales y humanidades (ej. Sociología, Historia del Arte), el material pre-clase puede incluir lecturas críticas de textos complejos, análisis de datos primarios o visualización de obras de arte. El tiempo en clase se utiliza para debates estructurados sobre interpretaciones teóricas, el análisis de casos de estudio históricos o contemporáneos, la crítica de fuentes o la presentación de proyectos de investigación incipientes. Esta diferenciación en la aplicación permite que el modelo aborde las necesidades específicas de cada disciplina, promoviendo un aprendizaje más profundo y contextualizado.","* Ejemplo 1 (Neurociencia Cognitiva): Los estudiantes de maestría visualizan grabaciones de conferencias sobre las bases neuronales de la memoria y leen artículos de investigación sobre técnicas de neuroimagen. En el aula, el profesor presenta datos de estudios de neuroimagen y los estudiantes deben, en grupos, interpretar los resultados, proponer nuevas hipótesis de investigación y diseñar experimentos para probarlas, utilizando lo aprendido previamente. &lt;br> * Ejemplo 2 (Planificación Urbana): Los estudiantes estudian de forma asincrónica la normativa urbanística local e internacional, así como casos de éxito y fracaso de proyectos de desarrollo urbano. En clase, se les presenta un mapa y datos socioeconómicos de un área urbana real. Su tarea es diseñar un plan de desarrollo sostenible para esa área, considerando aspectos técnicos, económicos y sociales, y luego presentar y defender su propuesta ante un ""ayuntamiento"" (el profesor y compañeros), quienes les plantean objeciones basadas en la normativa y la sostenibilidad."
Aplicación del Flipped Classroom en Diversas Asignaturas,Avanzado,FC_APLICACION_A_T,FC_APLICACION,Avanzado,Texto,"En el contexto de la maestría, la aplicación del Flipped Classroom no solo es una metodología, sino una estrategia para cultivar la autonomía intelectual, la capacidad de autorregulación del aprendizaje y la habilidad para abordar problemas complejos y multidisciplinares, preparando a los estudiantes para la investigación y la práctica profesional de alto nivel. En asignaturas como ""Investigación de Operaciones"" o ""Modelado de Sistemas Complejos"", los estudiantes pueden abordar de forma asincrónica la revisión de modelos matemáticos avanzados, algoritmos de optimización o técnicas de simulación estocástica. El tiempo en el aula se destina a la implementación de estos modelos en software especializado para la resolución de casos de estudio reales de la industria o la gestión pública, la interpretación crítica de los resultados, la discusión de las limitaciones de los modelos y la propuesta de soluciones innovadoras que trasciendan lo puramente técnico. En programas de humanidades, artes o ciencias de la comunicación (ej. Crítica Literaria, Semiótica de los Medios), el Flipped Classroom puede facilitar el análisis hermenéutico profundo de textos de teoría crítica, obras de arte complejas o discursos mediáticos. Los estudiantes realizan un análisis detallado antes de la clase, y el tiempo en el aula se dedica a debates filosóficos, la co-construcción de interpretaciones, la presentación de ensayos argumentativos o la preparación de proyectos de investigación que buscan generar nuevas perspectivas o teorías. La meta es desarrollar una maestría en el análisis crítico, la síntesis de ideas y la comunicación persuasiva.","* Ejemplo 1 (Gestión de la Cadena de Suministro Global): Antes de la clase, los estudiantes de maestría en Logística Internacional analizan un caso de estudio real de disrupción de la cadena de suministro de una multinacional (ej. el bloqueo del Canal de Suez), revisando informes financieros, de logística y geopolíticos. En el aula, el profesor no expone el caso, sino que facilita un ""juego de roles"" donde los estudiantes, asumiendo el papel de directivos de la empresa o consultores, deben desarrollar un plan de contingencia detallado, argumentar sus decisiones estratégicas y negociar con diferentes partes interesadas para mitigar los riesgos y optimizar la cadena de suministro en un escenario de crisis. &lt;br> * Ejemplo 2 (Bioética y Políticas de Salud): Los estudiantes de una maestría en Bioética leen de forma asincrónica artículos sobre dilemas éticos emergentes en medicina (ej. CRISPR-Cas9, inteligencia artificial en diagnósticos) y documentos de posicionamiento de organismos internacionales. En la clase, el profesor modera un ""simulacro de comité de ética"" donde los estudiantes deben debatir un caso ficticio pero realista que plantea un dilema ético complejo. Cada estudiante debe preparar y defender una postura, aplicando los marcos bioéticos estudiados y considerando las implicaciones legales, sociales y culturales, con el objetivo de llegar a una recomendación consensuada o justificar la disidencia."
Beneficios y Desafíos del Flipped Classroom en Educación Superior,Básico,FC_BENEFICIOS_B_T,FC_BENEFICIOS,Básico,Texto,"El Flipped Classroom, si bien es una metodología prometedora, presenta tanto beneficios significativos como desafíos en su implementación en la educación superior. Beneficios clave incluyen: * Aprendizaje Activo: Fomenta que los estudiantes sean participantes activos de su propio proceso de aprendizaje, en lugar de receptores pasivos. * Flexibilidad: Permite a los estudiantes revisar el material teórico a su propio ritmo, pausando o repitiendo secciones según sea necesario. * Atención Personalizada: Libera al docente para ofrecer apoyo más individualizado en el aula, resolviendo dudas específicas y guiando actividades prácticas. * Mayor Interacción: El tiempo en clase se dedica a discusiones, debates y colaboración entre pares, lo que puede enriquecer la experiencia de aprendizaje. Sin embargo, también existen desafíos: * Resistencia Inicial: Algunos estudiantes pueden mostrar resistencia al cambio de metodología, especialmente si no están acostumbrados al autoestudio. * Acceso a Tecnología: No todos los estudiantes tienen el mismo acceso a dispositivos o conectividad a internet de calidad. * Diseño de Materiales: Requiere que el docente invierta tiempo en la creación o curación de materiales de alta calidad para el estudio previo. * Carga de Trabajo Percibida: Los estudiantes pueden sentir que tienen una mayor carga de trabajo al tener que preparar el material antes de la clase.","* Ejemplo 1 (Beneficio - Flexibilidad): Un estudiante de maestría que trabaja a tiempo parcial puede ver los videos de la lección a altas horas de la noche o durante el fin de semana, adaptando su estudio a su horario laboral sin perderse la información teórica. &lt;br> * Ejemplo 2 (Desafío - Resistencia): Algunos estudiantes de un curso de maestría comentan que prefieren la ""clase magistral de siempre"" porque les resulta más fácil simplemente escuchar al profesor, en lugar de tener que preparar el material por su cuenta antes de la sesión. &lt;br> * Ejemplo 3 (Beneficio - Atención Personalizada): Durante una sesión de resolución de problemas en un aula invertida, el profesor puede sentarse con un pequeño grupo de estudiantes que tienen dificultades con un concepto particular, ofreciéndoles explicaciones y ejercicios adicionales."
Beneficios y Desafíos del Flipped Classroom en Educación Superior,Intermedio,FC_BENEFICIOS_I_T,FC_BENEFICIOS,Intermedio,Texto,"A nivel intermedio, el Flipped Classroom en educación superior demuestra un impacto positivo en el rendimiento académico y la satisfacción del estudiante, impulsando el desarrollo de competencias fundamentales para el ámbito universitario y profesional. Entre sus beneficios más destacados a este nivel se encuentran: * Mejora del Rendimiento Académico: Estudios sugieren que puede conducir a un mejor rendimiento en evaluaciones y una comprensión más profunda de los conceptos. * Desarrollo de Competencias: Fomenta la autonomía, el pensamiento crítico, la resolución de problemas, la colaboración y la comunicación, habilidades esenciales para profesionales de maestría. * Aprendizaje Personalizado: Permite al docente identificar las dificultades individuales y ofrecer un apoyo más dirigido en el aula, abordando las necesidades específicas de cada estudiante. * Mayor Compromiso y Motivación: Al hacer la clase más dinámica e interactiva, puede aumentar el compromiso de los estudiantes con el proceso de aprendizaje. Los desafíos, sin embargo, requieren una gestión más estratégica: * Garantizar la Preparación Previa: Es crucial implementar estrategias para asegurar que los estudiantes realicen efectivamente el trabajo previo (ej. cuestionarios cortos de comprobación, foros de discusión obligatorios). * Diseño de Actividades en el Aula: Requiere una cuidadosa planificación de actividades que sean verdaderamente interactivas, significativas y que no se conviertan en meras repeticiones de los contenidos previos. * Resistencia y Percepción de Carga de Trabajo: La resistencia puede persistir si los estudiantes no perciben el valor añadido de la metodología o si sienten que la carga de trabajo total es excesiva sin una compensación clara en el aula. * Formación Docente: Los docentes necesitan capacitación continua en diseño instruccional para el Flipped Classroom y en técnicas de facilitación activa. Superar estos desafíos requiere una comunicación clara de las expectativas, un andamiaje adecuado para el autoaprendizaje y un diseño pedagógico robusto.","* Ejemplo 1 (Beneficio - Mejora del Rendimiento): En un curso de posgrado de ""Investigación Cuantitativa"", un estudio de caso en la universidad mostró que los estudiantes que participaron en un Flipped Classroom obtuvieron calificaciones significativamente más altas en los análisis de datos estadísticos que los de un grupo de control tradicional, debido a la práctica intensiva en clase. &lt;br> * Ejemplo 2 (Desafío - Garantizar la Preparación): El profesor de un curso de ""Econometría Avanzada"" nota que varios estudiantes no vieron los videos sobre modelos de series de tiempo antes de la clase. Decide implementar un breve cuestionario en línea de 5 preguntas sobre los videos al inicio de cada semana para asegurar la preparación mínima. &lt;br> * Ejemplo 3 (Beneficio - Desarrollo de Competencias): En una clase de ""Negociación y Resolución de Conflictos"", los estudiantes ven un video sobre las estrategias de negociación distributiva y colaborativa. En la clase, participan en un juego de roles de negociación compleja, desarrollando habilidades de comunicación, escucha activa y resolución de problemas bajo presión."
Beneficios y Desafíos del Flipped Classroom en Educación Superior,Avanzado,FC_BENEFICIOS_A_T,FC_BENEFICIOS,Avanzado,Texto,"A nivel de maestría, los beneficios y desafíos del Flipped Classroom se vuelven más complejos y estratégicos, enfocándose en la formación de profesionales altamente capacitados e investigadores. Los beneficios se amplifican, incluyendo: * Fomento de la Autonomía Intelectual y Metacognición: Desarrolla la capacidad del estudiante para identificar sus propias necesidades de aprendizaje, buscar información avanzada, evaluar críticamente fuentes y regular su propio proceso cognitivo, esencial para la investigación y la práctica profesional. * Preparación para la Investigación y la Innovación: Al liberar tiempo en el aula para la aplicación práctica y la resolución de problemas auténticos, el modelo simula el entorno de trabajo donde la investigación autónoma y la generación de soluciones son constantes. * Desarrollo de Habilidades de Pensamiento de Orden Superior: Facilita la aplicación, análisis, síntesis y evaluación de teorías complejas y datos, preparando a los estudiantes para roles de liderazgo y toma de decisiones. * Entornos de Aprendizaje Colaborativo de Alto Nivel: Promueve debates rigurosos, co-creación de conocimiento y retroalimentación entre pares, reflejando dinámicas profesionales. Los desafíos se vuelven más sutiles y críticos: * Calidad y Curación de Contenidos Asincrónicos: No basta con videos; los materiales deben ser estimulantes, provocar el pensamiento crítico y preparar al estudiante para los debates complejos en el aula (ej. casos de estudio con dilemas éticos, artículos de investigación con metodologías controvertidas). * Gestión de la Diversidad en el Aula: Los grupos de maestría suelen ser heterogéneos en experiencia y estilos de aprendizaje. Diseñar actividades en el aula que atiendan esta diversidad y aseguren la participación significativa de todos es crucial. * Evaluación de Competencias Complejas: La evaluación debe ir más allá de la memorización, midiendo la capacidad de aplicar, analizar, sintetizar y crear, lo que a menudo requiere rúbricas detalladas y métodos de evaluación auténticos (proyectos, simulacros). * Integración Curricular y Coherencia: El Flipped Classroom debe estar coherentemente integrado en el currículo completo de la maestría, asegurando que los resultados de aprendizaje de las actividades asincrónicas y sincrónicas se alineen con los objetivos generales del programa. * Resistencia a la Descomodificación del Conocimiento: Algunos estudiantes pueden resistirse a una metodología que los obliga a ""construir"" el conocimiento activamente en lugar de ""recibirlo"" pasivamente, especialmente si provienen de modelos educativos muy tradicionales. Una implementación exitosa a este nivel requiere un compromiso institucional, una constante reflexión pedagógica por parte del docente y un estudiante proactivo y auto-regulado.","* Ejemplo 1 (Beneficio - Autonomía Intelectual): Un estudiante de una maestría en ""Desarrollo de Productos Innovadores"" debe investigar de forma autónoma las patentes existentes en un área tecnológica antes de la clase. En el aula, el debate se centra en cómo sortear las patentes existentes para crear un producto verdaderamente disruptivo, estimulando su capacidad de investigación y resolución creativa de problemas. &lt;br> * Ejemplo 2 (Desafío - Calidad de Contenidos Asincrónicos): Un profesor de ""Filosofía Política"" en un programa de maestría inicialmente asigna solo lecturas clásicas. Sin embargo, se da cuenta de que los estudiantes no están llegando con el nivel de análisis crítico esperado. Decide complementar las lecturas con videos de debates académicos contemporáneos y preguntas reflexivas guiadas antes de la clase para estimular una comprensión más profunda y controvertida. &lt;br> * Ejemplo 3 (Beneficio - Preparación para la Investigación): En una maestría en ""Conservación Ambiental"", el Flipped Classroom permite a los estudiantes, antes de la clase, realizar un mapeo SIG (Sistema de Información Geográfica) de un área protegida y analizar los datos de biodiversidad disponibles. En el aula, el tiempo se utiliza para discutir las estrategias de conservación más efectivas para esa área específica y para que cada grupo presente una propuesta de monitoreo ambiental basada en su análisis, preparándolos para el trabajo de campo y la investigación aplicada."